Prompt,Response,SimilarityScore
Write a Python script to process log files and identify anomalies based on time gaps (Prompt 1).,"Here is a simple Python script that processes a log file and identifies anomalies based on time gaps. This script assumes that the log file contains timestamps in the format ""YYYY-MM-DD HH:MM:SS"".

```python
import datetime

def process_log_file(file_path, time_gap):
    """"""
    Process a log file and identify anomalies based on time gaps.

    :param file_path: Path to the log file.
    :param time_gap: Time gap to consider as an anomaly (in seconds).
    """"""
    with open(file_path, 'r') as file:
        lines = file.readlines()

    timestamps = [datetime.datetime.strptime(line.split()[0], ""%Y-%m-%d %H:%M:%S"") for line in lines]

    for i in range(1, len(timestamps)):
        gap = (timestamps[i] - timestamps[i-1]).total_seconds()
        if gap > time_gap:
            print(f""Anomaly detected: Time gap of {gap} seconds at line {i+1}"")

# Test the function
process_log_file('log.txt', 60)
```

This script reads the log file line by line, extracts the timestamp from each line, and converts it to a datetime object. It then calculates the time gap between each pair of consecutive timestamps. If the time gap is greater than the specified threshold, it prints a message indicating an anomaly.

Please replace 'log.txt' with your actual log file path and '60' with the time gap you want to consider as an anomaly (in seconds). Also, you may need to adjust the timestamp extraction and conversion code depending on the actual format of your log file.",0.8755891919136047
Create an SPL query to detect potential data exfiltration via large outbound transfers (Prompt 2).,"index=network_traffic sourcetype=stream:tcp dest_port!=80 AND dest_port!=443 
| stats sum(bytes_out) as total_bytes_out by dest_ip 
| where total_bytes_out > 1000000000 
| sort - total_bytes_out",0.2670222818851471
Write a SQL query to retrieve the top 5 users with the most failed logins in the past 24 hours (Prompt 3).,"Assuming you have a table named 'logins' with columns 'user_id', 'login_time', and 'status' (where status = 'failed' indicates a failed login), the SQL query could look like this:

```sql
SELECT user_id, COUNT(*) as failed_logins
FROM logins
WHERE login_time >= NOW() - INTERVAL 1 DAY AND status = 'failed'
GROUP BY user_id
ORDER BY failed_logins DESC
LIMIT 5;
```

This query selects the 'user_id' and counts the number of failed logins for each user in the past 24 hours. It then orders the results by the number of failed logins in descending order and limits the output to the top 5 users.",0.8099820613861084
"Use Python to call the Splunk REST API, execute a search, and visualize login attempts per hour (Prompt 4).","To interact with the Splunk REST API using Python, you can use the `requests` library. Here's an example of how you might execute a search and visualize login attempts per hour.

First, you need to install the `requests` library if you haven't already. You can do this with pip:

```bash
pip install requests
```

Then, you can use the following Python code:

```python
import requests
import json
import time
import matplotlib.pyplot as plt

# Splunk server details
splunk_server = 'https://localhost:8089'
username = 'admin'
password = 'password'

# Splunk REST API endpoint for search jobs
search_jobs_endpoint = f'{splunk_server}/services/search/jobs'

# Your Splunk search query
search_query = 'search index=main sourcetype=audittrail action=login | timechart count by user'

# Headers for the POST request
headers = {
    'Content-Type': 'application/x-www-form-urlencoded'
}

# Data for the POST request
data = {
    'search': search_query,
    'exec_mode': 'normal',
    'output_mode': 'json'
}

# Send the POST request to create a new search job
response = requests.post(search_jobs_endpoint, headers=headers, data=data, auth=(username, password), verify=False)

# Get the search job ID from the response
search_job_id = json.loads(response.text)['sid']

# Wait for the search to complete
time.sleep(10)

# Get the results of the search job
results_endpoint = f'{search_jobs_endpoint}/{search_job_id}/results'
response = requests.get(results_endpoint, headers=headers, auth=(username, password), verify=False)

# Load the results as JSON
results = json.loads(response.text)

# Extract the time and count data from the results
times = [result['_time'] for result in results['results']]
counts = [result['count'] for result in results['results']]

# Plot the data
plt.plot(times, counts)
plt.xlabel('Time')
plt.ylabel('Login Attempts')
plt.title('Login Attempts per Hour')
plt.show()
```

Please replace `'https://localhost:8089'`, `'admin'`, and `'password'` with your actual Splunk server URL, username, and password.

This script sends a POST request to the Splunk REST API to create a new search job. It then waits for the search to complete, retrieves the results of the search, and plots the number of login attempts per hour.

Note: The search query `'search index=main sourcetype=audittrail action=login | timechart count by user'` is just an example. You should replace it with your actual Splunk search query.

Also, this script disables SSL certificate verification with `verify=False`. This is generally not recommended, but it might be necessary if you're using a self-signed certificate on your Splunk server. If your Splunk server uses a valid SSL certificate, you should remove `verify=False`.

Finally, this script uses `time.sleep(10)` to wait for the search to complete. This is a simple way to wait, but it might not be enough if your search takes a long time to run. You might need to implement a more robust way to check if the search is complete.",0.8126146197319031
"Write a Python script that connects to a PostgreSQL database, inserts network event logs, and runs a summary query (Prompt 5).","Here is a Python script that connects to a PostgreSQL database, inserts network event logs, and runs a summary query. This script uses the psycopg2 library to interact with the PostgreSQL database.

Please replace the placeholders with your actual database credentials and table structure.

```python
import psycopg2
from psycopg2 import sql

# Establish a connection to the database
try:
    conn = psycopg2.connect(
        dbname=""your_database_name"",
        user=""your_username"",
        password=""your_password"",
        host=""your_host"",
        port=""your_port""
    )
except psycopg2.Error as e:
    print(""Unable to connect to the database"")
    print(e)
    print(e.pgcode)
    print(e.pgerror)
    print(traceback.format_exc())
    exit()

# Create a cursor object
cur = conn.cursor()

# Insert network event logs into the database
try:
    insert_query = sql.SQL(
        ""INSERT INTO network_event_logs (column1, column2, column3) VALUES (%s, %s, %s)""
    )
    data_to_insert = (""value1"", ""value2"", ""value3"")
    cur.execute(insert_query, data_to_insert)
    conn.commit()
except psycopg2.Error as e:
    print(""Unable to insert data"")
    print(e)
    print(e.pgcode)
    print(e.pgerror)
    print(traceback.format_exc())

# Run a summary query
try:
    cur.execute(""SELECT * FROM network_event_logs"")
    rows = cur.fetchall()
    for row in rows:
        print(row)
except psycopg2.Error as e:
    print(""Unable to execute query"")
    print(e)
    print(e.pgcode)
    print(e.pgerror)
    print(traceback.format_exc())

# Close the cursor and connection
cur.close()
conn.close()
```

This script assumes that you have a table named `network_event_logs` and you are inserting data into `column1`, `column2`, and `column3`. Please replace these with your actual table and column names. The summary query in this script simply retrieves all records from the `network_event_logs` table. You can replace this with any query that suits your needs.",0.73671954870224
Write a Python script to process log files and identify anomalies based on time gaps (Prompt 6).,"Here is a simple Python script that processes a log file and identifies anomalies based on time gaps. This script assumes that the log file contains timestamps in the format ""YYYY-MM-DD HH:MM:SS"" and that an anomaly is defined as a gap of more than one hour between consecutive log entries.

```python
import datetime

def process_log_file(file_path):
    with open(file_path, 'r') as file:
        lines = file.readlines()

    timestamps = [datetime.datetime.strptime(line.split()[0], ""%Y-%m-%d %H:%M:%S"") for line in lines]

    anomalies = []
    for i in range(1, len(timestamps)):
        gap = timestamps[i] - timestamps[i-1]
        if gap.total_seconds() > 3600:  # 1 hour = 3600 seconds
            anomalies.append((timestamps[i-1], timestamps[i]))

    return anomalies

def main():
    file_path = 'log.txt'  # replace with your log file path
    anomalies = process_log_file(file_path)
    if anomalies:
        print(""Anomalies found:"")
        for anomaly in anomalies:
            print(f""Gap from {anomaly[0]} to {anomaly[1]}"")
    else:
        print(""No anomalies found."")

if __name__ == ""__main__"":
    main()
```

This script reads the log file line by line, extracts the timestamp from each line, and converts it to a datetime object. It then checks the gap between each consecutive pair of timestamps. If the gap is more than one hour, it is considered an anomaly and added to the list of anomalies. Finally, the script prints out all the anomalies found.

Please note that this is a very basic script and may need to be adjusted based on the specific format and content of your log files. For example, if your log entries contain additional information after the timestamp, you may need to adjust the line.split() function to correctly extract the timestamp.",0.8731840252876282
Create an SPL query to detect potential data exfiltration via large outbound transfers (Prompt 7).,"index=network_traffic sourcetype=stream:tcp
| stats sum(bytes_out) as total_bytes_out by dest_ip
| where total_bytes_out > 1000000000
| sort - total_bytes_out",0.2917346656322479
Write a SQL query to retrieve the top 5 users with the most failed logins in the past 24 hours (Prompt 8).,"Assuming you have a table named 'logins' with columns 'user_id', 'login_time', and 'status' (where status = 'failed' indicates a failed login), the SQL query could look like this:

```sql
SELECT user_id, COUNT(*) as failed_logins
FROM logins
WHERE login_time >= NOW() - INTERVAL 1 DAY AND status = 'failed'
GROUP BY user_id
ORDER BY failed_logins DESC
LIMIT 5;
```

This query selects the 'user_id' and counts the number of failed logins for each user in the past 24 hours. It then orders the results in descending order by the number of failed logins and limits the output to the top 5 users.",0.8008366227149963
"Use Python to call the Splunk REST API, execute a search, and visualize login attempts per hour (Prompt 9).","To interact with the Splunk REST API using Python, you can use the `requests` library. Here's an example of how you might execute a search and visualize login attempts per hour.

First, you need to install the `requests` library if you haven't already. You can do this with pip:

```bash
pip install requests
```

Then, you can use the following Python code to execute a search:

```python
import requests
import json
import matplotlib.pyplot as plt
import pandas as pd

# Splunk server details
splunk_server = 'https://localhost:8089'
username = 'admin'
password = 'password'

# Splunk REST API endpoint for search
search_endpoint = '/services/search/jobs'

# Search query to count login attempts per hour
search_query = 'search index=_audit action=login | timechart span=1h count'

# Headers for the POST request
headers = {
    'Content-Type': 'application/x-www-form-urlencoded'
}

# Data for the POST request
data = {
    'search': search_query,
    'output_mode': 'json',
    'exec_mode': 'oneshot'
}

# Send the POST request to the Splunk server
response = requests.post(splunk_server + search_endpoint, headers=headers, data=data, auth=(username, password), verify=False)

# Parse the JSON response
response_json = json.loads(response.text)

# Extract the results
results = response_json['results']

# Convert the results to a DataFrame
df = pd.DataFrame(results)

# Convert the '_time' column to datetime
df['_time'] = pd.to_datetime(df['_time'])

# Plot the login attempts per hour
plt.plot(df['_time'], df['count'])
plt.xlabel('Time')
plt.ylabel('Login Attempts')
plt.title('Login Attempts per Hour')
plt.show()
```

Please replace `'https://localhost:8089'`, `'admin'`, and `'password'` with your actual Splunk server URL, username, and password.

This script sends a POST request to the Splunk REST API to execute a search that counts login attempts per hour. The results are then parsed and converted to a pandas DataFrame, which is used to plot the login attempts over time.

Note: The `verify=False` parameter in the `requests.post` call is used to disable SSL certificate verification. This should only be used for testing purposes. For production use, you should use a valid SSL certificate and remove this parameter.

Also, the search query used in this example is a basic query that might not work for your specific use case. You might need to adjust the query to match your actual data.",0.8085325956344604
"Write a Python script that connects to a PostgreSQL database, inserts network event logs, and runs a summary query (Prompt 10).","Sure, here is a simple Python script that connects to a PostgreSQL database, inserts network event logs, and runs a summary query. This script uses the psycopg2 library to interact with the PostgreSQL database.

Please replace the placeholders with your actual database credentials and table structure.

```python
import psycopg2

# Establish a connection to the database
try:
    conn = psycopg2.connect(
        dbname=""your_database_name"",
        user=""your_username"",
        password=""your_password"",
        host=""your_host"",
        port=""your_port""
    )
    print(""Database connection successful"")
except Exception as e:
    print(f""An error occurred: {e}"")

# Create a cursor object
cur = conn.cursor()

# Insert network event logs
try:
    insert_query = """"""
    INSERT INTO network_event_logs (column1, column2, column3)
    VALUES ('value1', 'value2', 'value3');
    """"""
    cur.execute(insert_query)
    conn.commit()
    print(""Data inserted successfully"")
except Exception as e:
    print(f""An error occurred: {e}"")

# Run a summary query
try:
    summary_query = ""SELECT * FROM network_event_logs;""
    cur.execute(summary_query)
    records = cur.fetchall()
    print(""Summary Query Results:"")
    for record in records:
        print(record)
except Exception as e:
    print(f""An error occurred: {e}"")

# Close the cursor and connection
cur.close()
conn.close()
```

This script assumes that you have a table named `network_event_logs` and you are inserting values into `column1`, `column2`, and `column3`. Please replace these with your actual table and column names. Also, the summary query in this script is a simple SELECT * query. You can replace this with any query that suits your needs.",0.788431704044342
Explain the difference between symmetric and asymmetric encryption with examples. (Benchmark 1),"Symmetric and asymmetric encryption are two types of encryption used to ensure the confidentiality and integrity of data during transmission.

Symmetric Encryption:
In symmetric encryption, the same key is used for both encryption and decryption. This means that the sender and receiver must both have access to the same secret key. An example of symmetric encryption is the Advanced Encryption Standard (AES), which is used by the U.S. government for encrypting classified information. 

For instance, if Alice wants to send a secret message to Bob, she would encrypt the message using a secret key and send it to Bob. Bob would then use the same secret key to decrypt the message. The main challenge here is securely sharing the secret key between Alice and Bob.

Asymmetric Encryption:
In contrast, asymmetric encryption uses two different keys: a public key for encryption and a private key for decryption. The public key is made available to everyone, while the private key is kept secret by the owner. An example of asymmetric encryption is the RSA algorithm, which is widely used in secure online transactions.

For instance, if Alice wants to send a secret message to Bob, she would encrypt the message using Bob's public key and send it to him. Bob would then use his private key to decrypt the message. The main advantage here is that there's no need to securely share a secret key, as the public key can be freely distributed without compromising the security of the private key.

In summary, the main difference between symmetric and asymmetric encryption lies in the keys used for encryption and decryption. Symmetric encryption uses the same key for both processes, while asymmetric encryption uses different keys.",0.7209566831588745
Summarize the MITRE ATT&CK framework and its primary use cases in threat detection. (Benchmark 2),"The MITRE ATT&CK framework is a globally-accessible knowledge base of adversary tactics and techniques based on real-world observations. It is used as a foundation for the development of specific threat models and methodologies in the private sector, in government, and in the cybersecurity product and service community. 

The framework is designed to provide a common language and understanding of the adversary's tactics and techniques, which can be used to describe, categorize, and analyze cyber threats. It includes a wide range of information, from high-level tactics and techniques to specific procedures and examples of how adversaries may execute those procedures.

The primary use cases of the MITRE ATT&CK framework in threat detection include:

1. Threat Intelligence: It helps in understanding the behavior of threat actors, their tactics, techniques, and procedures (TTPs), which can be used to enhance threat intelligence capabilities.

2. Incident Response: It aids in identifying the techniques used by adversaries during a breach, which can help in incident response and remediation efforts.

3. Red Teaming/Adversary Emulation: It provides a structured methodology for emulating an adversary's tactics and techniques, which can be used to test the effectiveness of security controls.

4. Security Architecture Review: It can be used to identify gaps in existing security controls and to guide the development of new ones.

5. Cyber Threat Hunting: It provides a structured approach for proactively searching for, identifying, and isolating threats within a network.

6. Security Operations Center (SOC) Maturity Assessment: It can be used to assess the maturity of a SOC in terms of its ability to detect and respond to threats.",0.7771589756011963
What are the key stages in a typical ransomware attack lifecycle? (Benchmark 3),"1. Initial Compromise: The attacker gains access to the victim's system. This is often achieved through phishing emails, malicious websites, or exploiting system vulnerabilities.

2. Installation: Once inside, the attacker installs the ransomware onto the victim's system. This often involves downloading and executing a malicious file.

3. Command and Control: The ransomware connects to a command and control server operated by the attacker. This allows the attacker to control the ransomware and receive updates on its progress.

4. Lateral Movement: The ransomware spreads to other systems on the network. This increases the potential damage and makes it harder for the victim to recover.

5. Encryption: The ransomware encrypts the victim's files, making them inaccessible. The encryption key is typically only known by the attacker.

6. Extortion: The attacker demands a ransom from the victim in exchange for the decryption key. The ransom is often demanded in a cryptocurrency like Bitcoin to make it harder to trace.

7. Decryption: If the victim pays the ransom, the attacker may provide the decryption key. However, there is no guarantee that the attacker will actually provide the key, or that it will work correctly.

8. Recovery: The victim attempts to recover their files and remove the ransomware from their system. This can be a complex and time-consuming process, especially if backups were not regularly made.

9. Post-Incident Analysis: The victim, possibly with the help of cybersecurity professionals, analyzes the attack to understand how it happened and how to prevent similar attacks in the future.",0.620825469493866
How does DNS tunneling work and how can it be detected? (Benchmark 4),"DNS tunneling is a method used to send and receive data from a network in a way that bypasses the network's security measures. It works by encoding the data in DNS queries and responses, which are typically not inspected by firewalls or other security tools. This method can be used for legitimate purposes, such as bypassing network restrictions to access blocked content, but it can also be used for malicious activities, such as data exfiltration or command and control communication in a cyber attack.

Here's a simplified step-by-step process of how DNS tunneling works:

1. The client encodes the data it wants to send into a DNS query. This can be done by converting the data into a format that can be included in a DNS query, such as a hostname.

2. The client sends the DNS query to a DNS server. The server may be a legitimate DNS server that has been compromised, or it may be a server set up by the attacker.

3. The DNS server decodes the data from the DNS query and processes it. If the server is controlled by an attacker, it may send back a response containing further instructions or data.

4. The client receives the DNS response and decodes the data from it.

Detecting DNS tunneling can be challenging because DNS queries and responses are usually considered benign by security tools. However, there are several signs that may indicate DNS tunneling:

1. Unusually high volume of DNS traffic: If a client is sending or receiving a large number of DNS queries or responses, it may be a sign of DNS tunneling.

2. Unusual DNS query types: Some types of DNS queries, such as TXT or NULL queries, are rarely used in normal network traffic and may indicate DNS tunneling.

3. Long DNS queries or responses: DNS tunneling often requires encoding a lot of data into DNS queries and responses, which can result in unusually long DNS messages.

4. Frequent queries to the same domain: If a client is frequently querying the same domain, it may be a sign that the domain is being used for DNS tunneling.

5. Unusual subdomains: DNS tunneling often involves encoding data into subdomains, which can result in unusual or nonsensical subdomain names.

To detect DNS tunneling, network administrators can use tools that monitor DNS traffic and look for these signs. They can also use firewalls or other security measures to block or limit DNS traffic that matches these patterns.",0.769106924533844
Compare the advantages and limitations of signature-based vs behavior-based detection. (Benchmark 5),"Signature-Based Detection:

Advantages:
1. High Accuracy: Signature-based detection has a high level of accuracy when it comes to detecting known threats. It matches the data with known threat signatures and if a match is found, the system alerts the user.
2. Fast Detection: It can quickly identify threats as it directly compares the data with existing signatures.
3. Easy to Implement: It is relatively easy to implement and use. It doesn’t require complex algorithms or machine learning capabilities.

Limitations:
1. Ineffective Against Unknown Threats: It can only detect threats that have known signatures. It is ineffective against new, unknown threats or zero-day attacks.
2. Regular Updates Required: The signature database needs to be updated regularly to include new threat signatures. If not updated, the system may fail to detect new threats.
3. High False Positive Rate: It can sometimes flag legitimate software or files as threats if they have similar characteristics to known threat signatures.

Behavior-Based Detection:

Advantages:
1. Detects Unknown Threats: Behavior-based detection can identify new, unknown threats or zero-day attacks by analyzing the behavior of files and applications.
2. Adaptive: It learns and adapts to new threats over time. It uses machine learning algorithms to analyze behavior and identify anomalies.
3. Low False Positive Rate: It has a lower false positive rate compared to signature-based detection as it analyzes behavior rather than just matching signatures.

Limitations:
1. Slow Detection: It can be slower than signature-based detection as it needs to analyze behavior over a period of time.
2. Complex to Implement: It requires complex algorithms and machine learning capabilities, making it more difficult to implement.
3. May Miss Subtle Threats: If a threat behaves similarly to legitimate software or files, the system may fail to detect it.",0.7005556225776672
"What are zero-day vulnerabilities, and how are they typically exploited in the wild? (Benchmark 6)","Zero-day vulnerabilities refer to software security flaws that are unknown to those who should be interested in its mitigation such as the vendor of the software. As the vendor is unaware of the existence of such vulnerabilities, it means that there are no available patches or fixes for them. The term ""zero-day"" refers to the fact that developers have ""zero days"" to fix the problem that has just been exposed — and perhaps already exploited by hackers.

Zero-day vulnerabilities are typically exploited by hackers before the vendor becomes aware of the issue. This is done through various methods such as injecting malicious code, unauthorized data modification, or even by creating a backdoor to gain unauthorized access to the system.

In the wild, zero-day vulnerabilities are often exploited through methods such as spear phishing, where a targeted individual is tricked into downloading malware, or drive-by downloads, where a user unknowingly downloads a malicious software simply by visiting a compromised website. These attacks can lead to serious consequences such as data breaches, financial loss, or damage to a company's reputation.

Once a zero-day vulnerability is discovered and reported, the race begins for the vendor who must create, test and distribute a patch before the vulnerability can be widely exploited. Meanwhile, system administrators and users must keep their systems updated and apply patches as soon as they become available to mitigate the risk of exploitation.",0.7964240908622742
Explain how an intrusion detection system (IDS) works and give examples of open-source IDS platforms. (Benchmark 7),"An Intrusion Detection System (IDS) is a type of security software designed to automatically alert administrators when someone or something is trying to compromise information system through malicious activities or through security policy violations. It works by monitoring system activities for malicious or abnormal behaviors, and can either be network-based or host-based.

Network-based IDS (NIDS) monitors network traffic for suspicious activity and alerts the system or network administrator. In some cases, the IDS may also respond to anomalous or malicious traffic by taking action such as blocking the user or source IP address.

Host-based IDS (HIDS) runs on individual hosts or devices on the network. It monitors inbound and outbound packets from the device only and will alert the user or administrator if suspicious activity is detected.

The IDS uses either signature-based detection or anomaly-based detection. Signature-based IDS examines the data passing through the network and compares it against a database of known attack patterns, known as signatures. Anomaly-based IDS, on the other hand, uses machine learning to create a model of trustworthy activity and then compares new behavior against this model. If the activity deviates from the trustworthy model, it is flagged as a potential threat.

Examples of open-source IDS platforms include:

1. Snort: It is a free and open-source network intrusion prevention system (NIPS) and network intrusion detection system (NIDS) created by Sourcefire, now owned by Cisco Systems.

2. Suricata: It is a free and open-source, mature, fast, and robust network threat detection engine capable of real-time intrusion detection.

3. OSSEC: It is a free, open-source host-based intrusion detection system that performs log analysis, file integrity checking, policy monitoring, rootkit detection, real-time alerting, and active response.

4. Zeek (formerly Bro): It is a free and open-source software network analysis framework. It was initially developed by Vern Paxson in 1995. Zeek can be used as an IDS, but it's not limited to this function. It provides a comprehensive platform to analyze network traffic.

5. Security Onion: It is a free and open-source Linux distribution for intrusion detection, enterprise security monitoring, and log management. It includes Elasticsearch, Logstash, Kibana, Snort, Suricata, Zeek, Wazuh, and many other security tools.",0.6565382480621338
Describe how adversarial machine learning can be used to evade anomaly detection models. (Benchmark 8),"Adversarial machine learning is a technique that attempts to fool models through malicious input. This technique can be used to evade anomaly detection models by carefully crafting the input data so that it appears normal to the model, thus bypassing the detection mechanism.

Here's a step-by-step description of how this can be done:

1. Understanding the Model: The first step is to understand the anomaly detection model, its features, and how it classifies data as normal or anomalous. This could involve reverse-engineering the model or using a copy of the model for testing.

2. Crafting Adversarial Input: Once the attacker understands the model, they can begin to craft input that the model will classify as normal. This is done by subtly altering malicious data in a way that the changes are not significant enough for the model to classify it as an anomaly.

3. Testing and Refining: The attacker tests the crafted input on the model. If the model classifies the input as an anomaly, the attacker refines the input and repeats the process until the model classifies it as normal.

4. Launching the Attack: Once the attacker has crafted input that the model classifies as normal, they can use this input to carry out their attack, effectively evading the anomaly detection model.

5. Continuous Evasion: The attacker can continue to refine their adversarial input based on the model's updates and improvements, allowing them to evade the anomaly detection model continuously.

This process highlights the importance of robust and dynamic anomaly detection models that can adapt and learn from such adversarial attacks.",0.7340211868286133
What role does entropy analysis play in malware detection? (Benchmark 9),"Entropy analysis in malware detection is used to identify suspicious behavior or anomalies in data. It is a statistical method that measures the randomness or disorder within a set of data. In the context of cybersecurity, high entropy may indicate encrypted or packed malware, as these tend to have a higher level of randomness compared to normal files. Therefore, entropy analysis can help in identifying potential threats by highlighting files or data streams that have unusually high entropy. It is often used in conjunction with other detection methods to increase the accuracy and reliability of malware detection.",0.7967235445976257
How can organizations protect against supply chain attacks like the SolarWinds breach? (Benchmark 10),"1. Regular Security Audits: Organizations should conduct regular security audits of their supply chains to identify any potential vulnerabilities or breaches. This includes auditing the security practices of suppliers and third-party vendors.

2. Implementing Strong Access Controls: Organizations should implement strong access controls to limit who has access to sensitive data and systems. This includes using multi-factor authentication, limiting privileged access, and regularly reviewing and updating access permissions.

3. Network Segmentation: By segmenting their network, organizations can limit the spread of a potential breach. If one part of the network is compromised, segmentation can prevent the attacker from gaining access to other parts of the network.

4. Regular Patching and Updates: Organizations should regularly patch and update their systems to fix any known vulnerabilities. This includes not only their own systems, but also any third-party software or hardware they use.

5. Vendor Risk Management: Organizations should have a vendor risk management program in place to assess the security risks associated with their suppliers and third-party vendors. This includes conducting regular security assessments of vendors and requiring them to meet certain security standards.

6. Incident Response Plan: Organizations should have an incident response plan in place to quickly and effectively respond to a potential breach. This includes having a dedicated incident response team, clear communication channels, and a plan for recovering from a breach.

7. Employee Training: Employees should be trained on cybersecurity best practices and how to identify and respond to potential threats. This includes training on phishing attacks, safe internet use, and how to report suspicious activity.

8. Threat Intelligence: Organizations should use threat intelligence to stay informed about the latest threats and vulnerabilities. This can help them proactively defend against potential attacks.

9. Use of Advanced Security Tools: Organizations should use advanced security tools like AI and machine learning to detect and respond to threats in real time.

10. Cybersecurity Insurance: As a last line of defense, organizations should consider purchasing cybersecurity insurance to cover the costs associated with a potential breach.",0.6410813331604004
